column,p50,p95
trip_distance,1.52,11.1
duration_min,10.233333333333333,31.316666666666666
